x,y,z
0.20913291290920316,-0.03424483369113214,0.1067727007874624
0.20913291290920316,-0.03424483369113214,0.1067727007874624
0.20913291290920316,-0.03424483369113214,0.1067727007874624
0.20913291290920316,-0.03424483369113214,0.1067727007874624
0.20913291290920316,-0.03424483369113214,0.1067727007874624
0.20913291290920316,-0.03424483369113214,0.1067727007874624
0.20913291290920316,-0.03424483369113214,0.1067727007874624
0.20913291290920316,-0.03424483369113214,0.1067727007874624
0.20913291290920316,-0.03424483369113214,0.1067727007874624
0.20913291290920316,-0.03424483369113214,0.1067727007874624
0.20913291290920316,-0.03424483369113214,0.1067727007874624
0.20913291290920316,-0.03424483369113214,0.1067727007874624
0.20913291290920316,-0.03424483369113214,0.1067727007874624
0.20913291290920316,-0.03424483369113214,0.1067727007874624
0.20845891290920315,-0.03604483369113214,0.1067727007874624
0.20845891290920315,-0.03604483369113214,0.1067727007874624
0.20845891290920315,-0.03604483369113214,0.1067727007874624
0.20845891290920315,-0.03604483369113214,0.1067727007874624
0.20845891290920315,-0.03604483369113214,0.1067727007874624
0.20845891290920315,-0.03604483369113214,0.1067727007874624
0.20845891290920315,-0.03604483369113214,0.1067727007874624
0.20845891290920315,-0.03604483369113214,0.1067727007874624
0.20845891290920315,-0.03604483369113214,0.1067727007874624
0.20845891290920315,-0.03604483369113214,0.1067727007874624
0.20845891290920315,-0.03604483369113214,0.1067727007874624
0.20778591290920317,-0.03784583369113214,0.1067727007874624
0.20778591290920317,-0.03784583369113214,0.1067727007874624
0.20778591290920317,-0.03784583369113214,0.1067727007874624
0.20778591290920317,-0.03784583369113214,0.1067727007874624
0.20778591290920317,-0.03784583369113214,0.1067727007874624
0.20778591290920317,-0.03784583369113214,0.1067727007874624
0.2071129129092032,-0.03964583369113214,0.1067727007874624
0.2071129129092032,-0.03964583369113214,0.1067727007874624
0.2071129129092032,-0.03964583369113214,0.1067727007874624
0.2071129129092032,-0.03964583369113214,0.1067727007874624
0.2071129129092032,-0.03964583369113214,0.1067727007874624
0.2071129129092032,-0.03964583369113214,0.1067727007874624
0.2071129129092032,-0.03964583369113214,0.1067727007874624
0.2071129129092032,-0.03964583369113214,0.1067727007874624
0.2071129129092032,-0.03964583369113214,0.1067727007874624
0.2071129129092032,-0.03964583369113214,0.1067727007874624
0.2071129129092032,-0.03964583369113214,0.1067727007874624
0.2071129129092032,-0.03964583369113214,0.1067727007874624
0.2071129129092032,-0.03964583369113214,0.1067727007874624
0.2071129129092032,-0.03964583369113214,0.1067727007874624
0.20643991290920316,-0.04144683369113214,0.1067727007874624
0.20643991290920316,-0.04144683369113214,0.1067727007874624
0.20643991290920316,-0.04144683369113214,0.1067727007874624
0.20643991290920316,-0.04144683369113214,0.1067727007874624
0.20643991290920316,-0.04144683369113214,0.1067727007874624
0.20576591290920315,-0.04324683369113214,0.1067727007874624
0.20576591290920315,-0.04324683369113214,0.1067727007874624
0.20576591290920315,-0.04324683369113214,0.1067727007874624
0.20576591290920315,-0.04324683369113214,0.1067727007874624
0.20576591290920315,-0.04324683369113214,0.1067727007874624
0.20576591290920315,-0.04324683369113214,0.1067727007874624
0.20576591290920315,-0.04324683369113214,0.1067727007874624
0.20576591290920315,-0.04324683369113214,0.1067727007874624
0.20576591290920315,-0.04324683369113214,0.1067727007874624
0.20509291290920317,-0.04504783369113215,0.1067727007874624
0.20509291290920317,-0.04504783369113215,0.1067727007874624
0.20509291290920317,-0.04504783369113215,0.1067727007874624
0.20509291290920317,-0.04504783369113215,0.1067727007874624
0.20509291290920317,-0.04504783369113215,0.1067727007874624
0.20509291290920317,-0.04504783369113215,0.1067727007874624
0.20509291290920317,-0.04504783369113215,0.1067727007874624
0.20509291290920317,-0.04504783369113215,0.1067727007874624
0.20509291290920317,-0.04504783369113215,0.1067727007874624
0.20509291290920317,-0.04504783369113215,0.1067727007874624
0.2044199129092032,-0.046848833691132144,0.1067727007874624
0.2044199129092032,-0.046848833691132144,0.1067727007874624
0.2044199129092032,-0.046848833691132144,0.1067727007874624
0.2044199129092032,-0.046848833691132144,0.1067727007874624
0.2044199129092032,-0.046848833691132144,0.1067727007874624
0.2044199129092032,-0.046848833691132144,0.1067727007874624
0.2044199129092032,-0.046848833691132144,0.1067727007874624
0.2044199129092032,-0.046848833691132144,0.1067727007874624
0.2044199129092032,-0.046848833691132144,0.1067727007874624
0.2044199129092032,-0.046848833691132144,0.1067727007874624
0.2037459129092032,-0.04864883369113214,0.1067727007874624
0.2037459129092032,-0.04864883369113214,0.1067727007874624
0.2037459129092032,-0.04864883369113214,0.1067727007874624
0.2037459129092032,-0.04864883369113214,0.1067727007874624
0.2037459129092032,-0.04864883369113214,0.1067727007874624
0.2037459129092032,-0.04864883369113214,0.1067727007874624
0.2037459129092032,-0.04864883369113214,0.1067727007874624
0.2037459129092032,-0.04864883369113214,0.1067727007874624
0.2037459129092032,-0.04864883369113214,0.1067727007874624
0.2037459129092032,-0.04864883369113214,0.1067727007874624
0.20307291290920315,-0.050449833691132144,0.1067727007874624
0.20307291290920315,-0.050449833691132144,0.1067727007874624
0.20307291290920315,-0.050449833691132144,0.1067727007874624
0.20307291290920315,-0.050449833691132144,0.1067727007874624
0.20307291290920315,-0.050449833691132144,0.1067727007874624
0.20307291290920315,-0.050449833691132144,0.1067727007874624
0.20307291290920315,-0.050449833691132144,0.1067727007874624
0.20307291290920315,-0.050449833691132144,0.1067727007874624
0.20307291290920315,-0.050449833691132144,0.1067727007874624
0.20307291290920315,-0.050449833691132144,0.1067727007874624
0.20307291290920315,-0.050449833691132144,0.1067727007874624
0.20239991290920317,-0.05224983369113214,0.1067727007874624
0.20239991290920317,-0.05224983369113214,0.1067727007874624
0.20239991290920317,-0.05224983369113214,0.1067727007874624
0.20239991290920317,-0.05224983369113214,0.1067727007874624
0.20239991290920317,-0.05224983369113214,0.1067727007874624
0.20239991290920317,-0.05224983369113214,0.1067727007874624
0.20239991290920317,-0.05224983369113214,0.1067727007874624
0.20047891290920317,-0.05233383369113214,0.1067727007874624
0.20047891290920317,-0.05233383369113214,0.1067727007874624
0.20047891290920317,-0.05233383369113214,0.1067727007874624
0.20047891290920317,-0.05233383369113214,0.1067727007874624
0.20047891290920317,-0.05233383369113214,0.1067727007874624
0.20047891290920317,-0.05233383369113214,0.1067727007874624
0.20047891290920317,-0.05233383369113214,0.1067727007874624
0.20047891290920317,-0.05233383369113214,0.1067727007874624
0.20047891290920317,-0.05233383369113214,0.1067727007874624
0.20047891290920317,-0.05233383369113214,0.1067727007874624
0.20047891290920317,-0.05233383369113214,0.1067727007874624
0.20047891290920317,-0.05233383369113214,0.1067727007874624
0.20047891290920317,-0.05233383369113214,0.1067727007874624
0.20047891290920317,-0.05233383369113214,0.1067727007874624
0.20047891290920317,-0.05233383369113214,0.1067727007874624
0.1985589129092032,-0.05241783369113214,0.1067727007874624
0.1985589129092032,-0.05241783369113214,0.1067727007874624
0.1985589129092032,-0.05241783369113214,0.1067727007874624
0.1985589129092032,-0.05241783369113214,0.1067727007874624
0.1985589129092032,-0.05241783369113214,0.1067727007874624
0.1985589129092032,-0.05241783369113214,0.1067727007874624
0.1985589129092032,-0.05241783369113214,0.1067727007874624
0.1985589129092032,-0.05241783369113214,0.1067727007874624
0.1985589129092032,-0.05241783369113214,0.1067727007874624
0.19663791290920318,-0.05250183369113214,0.1067727007874624
0.19663791290920318,-0.05250183369113214,0.1067727007874624
0.19663791290920318,-0.05250183369113214,0.1067727007874624
0.19663791290920318,-0.05250183369113214,0.1067727007874624
0.19663791290920318,-0.05250183369113214,0.1067727007874624
0.19663791290920318,-0.05250183369113214,0.1067727007874624
0.19663791290920318,-0.05250183369113214,0.1067727007874624
0.19663791290920318,-0.05250183369113214,0.1067727007874624
0.19663791290920318,-0.05250183369113214,0.1067727007874624
0.19471791290920315,-0.05258583369113214,0.1067727007874624
0.19471791290920315,-0.05258583369113214,0.1067727007874624
0.19471791290920315,-0.05258583369113214,0.1067727007874624
0.19471791290920315,-0.05258583369113214,0.1067727007874624
0.19471791290920315,-0.05258583369113214,0.1067727007874624
0.19279691290920314,-0.052669833691132144,0.1067727007874624
0.19279691290920314,-0.052669833691132144,0.1067727007874624
0.19279691290920314,-0.052669833691132144,0.1067727007874624
0.19279691290920314,-0.052669833691132144,0.1067727007874624
0.19279691290920314,-0.052669833691132144,0.1067727007874624
0.19279691290920314,-0.052669833691132144,0.1067727007874624
0.19279691290920314,-0.052669833691132144,0.1067727007874624
0.19279691290920314,-0.052669833691132144,0.1067727007874624
0.19087691290920317,-0.052753833691132145,0.1067727007874624
0.19087691290920317,-0.052753833691132145,0.1067727007874624
0.19087691290920317,-0.052753833691132145,0.1067727007874624
0.19087691290920317,-0.052753833691132145,0.1067727007874624
0.19087691290920317,-0.052753833691132145,0.1067727007874624
0.19087691290920317,-0.052753833691132145,0.1067727007874624
0.19087691290920317,-0.052753833691132145,0.1067727007874624
0.19087691290920317,-0.052753833691132145,0.1067727007874624
0.19087691290920317,-0.052753833691132145,0.1067727007874624
0.19087691290920317,-0.052753833691132145,0.1067727007874624
0.19087691290920317,-0.052753833691132145,0.1067727007874624
0.19087691290920317,-0.052753833691132145,0.1067727007874624
0.18895591290920316,-0.052837833691132145,0.1067727007874624
0.18895591290920316,-0.052837833691132145,0.1067727007874624
0.18895591290920316,-0.052837833691132145,0.1067727007874624
0.18895591290920316,-0.052837833691132145,0.1067727007874624
0.18895591290920316,-0.052837833691132145,0.1067727007874624
0.18895591290920316,-0.052837833691132145,0.1067727007874624
0.18895591290920316,-0.052837833691132145,0.1067727007874624
0.18895591290920316,-0.052837833691132145,0.1067727007874624
0.18895591290920316,-0.052837833691132145,0.1067727007874624
0.18895591290920316,-0.052837833691132145,0.1067727007874624
0.18703591290920318,-0.052921833691132146,0.1067727007874624
0.18703591290920318,-0.052921833691132146,0.1067727007874624
0.18703591290920318,-0.052921833691132146,0.1067727007874624
0.18703591290920318,-0.052921833691132146,0.1067727007874624
0.18703591290920318,-0.052921833691132146,0.1067727007874624
0.18703591290920318,-0.052921833691132146,0.1067727007874624
0.18703591290920318,-0.052921833691132146,0.1067727007874624
0.18703591290920318,-0.052921833691132146,0.1067727007874624
0.18703591290920318,-0.052921833691132146,0.1067727007874624
0.18703591290920318,-0.052921833691132146,0.1067727007874624
0.18703591290920318,-0.052921833691132146,0.1067727007874624
0.18703591290920318,-0.052921833691132146,0.1067727007874624
0.18703591290920318,-0.052921833691132146,0.1067727007874624
0.18511491290920318,-0.05300583369113214,0.1067727007874624
0.18511491290920318,-0.05300583369113214,0.1067727007874624
0.18511491290920318,-0.05300583369113214,0.1067727007874624
0.18511491290920318,-0.05300583369113214,0.1067727007874624
0.18511491290920318,-0.05300583369113214,0.1067727007874624
0.18511491290920318,-0.05300583369113214,0.1067727007874624
0.18511491290920318,-0.05300583369113214,0.1067727007874624
0.18511491290920318,-0.05300583369113214,0.1067727007874624
0.18319491290920314,-0.05308983369113214,0.1067727007874624
0.18319491290920314,-0.05308983369113214,0.1067727007874624
0.18319491290920314,-0.05308983369113214,0.1067727007874624
0.18319491290920314,-0.05308983369113214,0.1067727007874624
0.18319491290920314,-0.05308983369113214,0.1067727007874624
0.18319491290920314,-0.05308983369113214,0.1067727007874624
0.18319491290920314,-0.05308983369113214,0.1067727007874624
0.18319491290920314,-0.05308983369113214,0.1067727007874624
0.18319491290920314,-0.05308983369113214,0.1067727007874624
0.18319491290920314,-0.05308983369113214,0.1067727007874624
0.18319491290920314,-0.05308983369113214,0.1067727007874624
0.1812739129092032,-0.05317283369113214,0.1067727007874624
0.1812739129092032,-0.05317283369113214,0.1067727007874624
0.1812739129092032,-0.05317283369113214,0.1067727007874624
0.1812739129092032,-0.05317283369113214,0.1067727007874624
0.1812739129092032,-0.05317283369113214,0.1067727007874624
0.1812739129092032,-0.05317283369113214,0.1067727007874624
0.18277891290920317,-0.054369833691132144,0.1067727007874624
0.18277891290920317,-0.054369833691132144,0.1067727007874624
0.18277891290920317,-0.054369833691132144,0.1067727007874624
0.18277891290920317,-0.054369833691132144,0.1067727007874624
0.18277891290920317,-0.054369833691132144,0.1067727007874624
0.18277891290920317,-0.054369833691132144,0.1067727007874624
0.18277891290920317,-0.054369833691132144,0.1067727007874624
0.18277891290920317,-0.054369833691132144,0.1067727007874624
0.18277891290920317,-0.054369833691132144,0.1067727007874624
0.18277891290920317,-0.054369833691132144,0.1067727007874624
0.18277891290920317,-0.054369833691132144,0.1067727007874624
0.18277891290920317,-0.054369833691132144,0.1067727007874624
0.18277891290920317,-0.054369833691132144,0.1067727007874624
0.18277891290920317,-0.054369833691132144,0.1067727007874624
0.18277891290920317,-0.054369833691132144,0.1067727007874624
0.18277891290920317,-0.054369833691132144,0.1067727007874624
0.18277891290920317,-0.054369833691132144,0.1067727007874624
0.18428291290920318,-0.05556683369113214,0.1067727007874624
0.18428291290920318,-0.05556683369113214,0.1067727007874624
0.18428291290920318,-0.05556683369113214,0.1067727007874624
0.18428291290920318,-0.05556683369113214,0.1067727007874624
0.18428291290920318,-0.05556683369113214,0.1067727007874624
0.18428291290920318,-0.05556683369113214,0.1067727007874624
0.18428291290920318,-0.05556683369113214,0.1067727007874624
0.18578691290920318,-0.056763833691132144,0.1067727007874624
0.18578691290920318,-0.056763833691132144,0.1067727007874624
0.18578691290920318,-0.056763833691132144,0.1067727007874624
0.18578691290920318,-0.056763833691132144,0.1067727007874624
0.18578691290920318,-0.056763833691132144,0.1067727007874624
0.18578691290920318,-0.056763833691132144,0.1067727007874624
0.18729191290920316,-0.05795983369113214,0.1067727007874624
0.18729191290920316,-0.05795983369113214,0.1067727007874624
0.18729191290920316,-0.05795983369113214,0.1067727007874624
0.18729191290920316,-0.05795983369113214,0.1067727007874624
0.18729191290920316,-0.05795983369113214,0.1067727007874624
0.18879591290920317,-0.059156833691132144,0.1067727007874624
0.18879591290920317,-0.059156833691132144,0.1067727007874624
0.18879591290920317,-0.059156833691132144,0.1067727007874624
0.18879591290920317,-0.059156833691132144,0.1067727007874624
0.18879591290920317,-0.059156833691132144,0.1067727007874624
0.18879591290920317,-0.059156833691132144,0.1067727007874624
0.18879591290920317,-0.059156833691132144,0.1067727007874624
0.19030091290920315,-0.06035383369113214,0.1067727007874624
0.19030091290920315,-0.06035383369113214,0.1067727007874624
0.19030091290920315,-0.06035383369113214,0.1067727007874624
0.19030091290920315,-0.06035383369113214,0.1067727007874624
0.19030091290920315,-0.06035383369113214,0.1067727007874624
0.19030091290920315,-0.06035383369113214,0.1067727007874624
0.19030091290920315,-0.06035383369113214,0.1067727007874624
0.19030091290920315,-0.06035383369113214,0.1067727007874624
0.19180491290920315,-0.061550833691132144,0.1067727007874624
0.19180491290920315,-0.061550833691132144,0.1067727007874624
0.19180491290920315,-0.061550833691132144,0.1067727007874624
0.19180491290920315,-0.061550833691132144,0.1067727007874624
0.19180491290920315,-0.061550833691132144,0.1067727007874624
0.19180491290920315,-0.061550833691132144,0.1067727007874624
0.19180491290920315,-0.061550833691132144,0.1067727007874624
0.19180491290920315,-0.061550833691132144,0.1067727007874624
0.19330891290920316,-0.06274683369113214,0.1067727007874624
0.19330891290920316,-0.06274683369113214,0.1067727007874624
0.19330891290920316,-0.06274683369113214,0.1067727007874624
0.19330891290920316,-0.06274683369113214,0.1067727007874624
0.19330891290920316,-0.06274683369113214,0.1067727007874624
0.19330891290920316,-0.06274683369113214,0.1067727007874624
0.19330891290920316,-0.06274683369113214,0.1067727007874624
0.1948139129092032,-0.06394383369113214,0.1067727007874624
0.1948139129092032,-0.06394383369113214,0.1067727007874624
0.1948139129092032,-0.06394383369113214,0.1067727007874624
0.1948139129092032,-0.06394383369113214,0.1067727007874624
0.1948139129092032,-0.06394383369113214,0.1067727007874624
0.1948139129092032,-0.06394383369113214,0.1067727007874624
0.1963179129092032,-0.06514083369113213,0.1067727007874624
0.1963179129092032,-0.06514083369113213,0.1067727007874624
0.1963179129092032,-0.06514083369113213,0.1067727007874624
0.1963179129092032,-0.06514083369113213,0.1067727007874624
0.1963179129092032,-0.06514083369113213,0.1067727007874624
0.1963179129092032,-0.06514083369113213,0.1067727007874624
0.1963179129092032,-0.06514083369113213,0.1067727007874624
0.19782291290920317,-0.06633783369113214,0.1067727007874624
0.19782291290920317,-0.06633783369113214,0.1067727007874624
0.19782291290920317,-0.06633783369113214,0.1067727007874624
0.19782291290920317,-0.06633783369113214,0.1067727007874624
0.19782291290920317,-0.06633783369113214,0.1067727007874624
0.19782291290920317,-0.06633783369113214,0.1067727007874624
0.19782291290920317,-0.06633783369113214,0.1067727007874624
0.19782291290920317,-0.06633783369113214,0.1067727007874624
0.19782291290920317,-0.06633783369113214,0.1067727007874624
0.19730891290920316,-0.06818983369113214,0.1067727007874624
0.19730891290920316,-0.06818983369113214,0.1067727007874624
0.19730891290920316,-0.06818983369113214,0.1067727007874624
0.19730891290920316,-0.06818983369113214,0.1067727007874624
0.19730891290920316,-0.06818983369113214,0.1067727007874624
0.19679491290920315,-0.07004283369113215,0.1067727007874624
0.19679491290920315,-0.07004283369113215,0.1067727007874624
0.19679491290920315,-0.07004283369113215,0.1067727007874624
0.19679491290920315,-0.07004283369113215,0.1067727007874624
0.19679491290920315,-0.07004283369113215,0.1067727007874624
0.19679491290920315,-0.07004283369113215,0.1067727007874624
0.19679491290920315,-0.07004283369113215,0.1067727007874624
0.19679491290920315,-0.07004283369113215,0.1067727007874624
0.19679491290920315,-0.07004283369113215,0.1067727007874624
0.19679491290920315,-0.07004283369113215,0.1067727007874624
0.19679491290920315,-0.07004283369113215,0.1067727007874624
0.19679491290920315,-0.07004283369113215,0.1067727007874624
0.19679491290920315,-0.07004283369113215,0.1067727007874624
0.19679491290920315,-0.07004283369113215,0.1067727007874624
0.19679491290920315,-0.07004283369113215,0.1067727007874624
0.19628191290920316,-0.07189483369113214,0.1067727007874624
0.19628191290920316,-0.07189483369113214,0.1067727007874624
0.19628191290920316,-0.07189483369113214,0.1067727007874624
0.19628191290920316,-0.07189483369113214,0.1067727007874624
0.19628191290920316,-0.07189483369113214,0.1067727007874624
0.19628191290920316,-0.07189483369113214,0.1067727007874624
0.19628191290920316,-0.07189483369113214,0.1067727007874624
0.19576791290920315,-0.07374683369113214,0.1067727007874624
0.19576791290920315,-0.07374683369113214,0.1067727007874624
0.19576791290920315,-0.07374683369113214,0.1067727007874624
0.19576791290920315,-0.07374683369113214,0.1067727007874624
0.1952539129092032,-0.07559983369113214,0.1067727007874624
0.1952539129092032,-0.07559983369113214,0.1067727007874624
0.1952539129092032,-0.07559983369113214,0.1067727007874624
0.1952539129092032,-0.07559983369113214,0.1067727007874624
0.1952539129092032,-0.07559983369113214,0.1067727007874624
0.1952539129092032,-0.07559983369113214,0.1067727007874624
0.1952539129092032,-0.07559983369113214,0.1067727007874624
0.1952539129092032,-0.07559983369113214,0.1067727007874624
0.1952539129092032,-0.07559983369113214,0.1067727007874624
0.1952539129092032,-0.07559983369113214,0.1067727007874624
0.1952539129092032,-0.07559983369113214,0.1067727007874624
0.1952539129092032,-0.07559983369113214,0.1067727007874624
0.1952539129092032,-0.07559983369113214,0.1067727007874624
0.1952539129092032,-0.07559983369113214,0.1067727007874624
0.1952539129092032,-0.07559983369113214,0.1067727007874624
0.19474091290920315,-0.07745183369113215,0.1067727007874624
0.19474091290920315,-0.07745183369113215,0.1067727007874624
0.19474091290920315,-0.07745183369113215,0.1067727007874624
0.19474091290920315,-0.07745183369113215,0.1067727007874624
0.19474091290920315,-0.07745183369113215,0.1067727007874624
0.19474091290920315,-0.07745183369113215,0.1067727007874624
0.19474091290920315,-0.07745183369113215,0.1067727007874624
0.19474091290920315,-0.07745183369113215,0.1067727007874624
0.19474091290920315,-0.07745183369113215,0.1067727007874624
0.1942269129092032,-0.07930483369113214,0.1067727007874624
0.1942269129092032,-0.07930483369113214,0.1067727007874624
0.1942269129092032,-0.07930483369113214,0.1067727007874624
0.1942269129092032,-0.07930483369113214,0.1067727007874624
0.1942269129092032,-0.07930483369113214,0.1067727007874624
0.1942269129092032,-0.07930483369113214,0.1067727007874624
0.1942269129092032,-0.07930483369113214,0.1067727007874624
0.1942269129092032,-0.07930483369113214,0.1067727007874624
0.1942269129092032,-0.07930483369113214,0.1067727007874624
0.1942269129092032,-0.07930483369113214,0.1067727007874624
0.19371291290920317,-0.08115683369113214,0.1067727007874624
0.19371291290920317,-0.08115683369113214,0.1067727007874624
0.19371291290920317,-0.08115683369113214,0.1067727007874624
0.19371291290920317,-0.08115683369113214,0.1067727007874624
0.19371291290920317,-0.08115683369113214,0.1067727007874624
0.19371291290920317,-0.08115683369113214,0.1067727007874624
0.19371291290920317,-0.08115683369113214,0.1067727007874624
0.1931999129092032,-0.08300983369113214,0.1067727007874624
0.1931999129092032,-0.08300983369113214,0.1067727007874624
0.1931999129092032,-0.08300983369113214,0.1067727007874624
0.1931999129092032,-0.08300983369113214,0.1067727007874624
0.1931999129092032,-0.08300983369113214,0.1067727007874624
0.1931999129092032,-0.08300983369113214,0.1067727007874624
0.1931999129092032,-0.08300983369113214,0.1067727007874624
0.19268591290920317,-0.08486183369113215,0.1067727007874624
0.19268591290920317,-0.08486183369113215,0.1067727007874624
0.19268591290920317,-0.08486183369113215,0.1067727007874624
0.19268591290920317,-0.08486183369113215,0.1067727007874624
0.19268591290920317,-0.08486183369113215,0.1067727007874624
0.19268591290920317,-0.08486183369113215,0.1067727007874624
0.19268591290920317,-0.08486183369113215,0.1067727007874624
0.19268591290920317,-0.08486183369113215,0.1067727007874624
0.19268591290920317,-0.08486183369113215,0.1067727007874624
0.19268591290920317,-0.08486183369113215,0.1067727007874624
0.19268591290920317,-0.08486183369113215,0.1067727007874624
0.19268591290920317,-0.08486183369113215,0.1067727007874624
0.19217191290920316,-0.08671483369113214,0.1067727007874624
0.19217191290920316,-0.08671483369113214,0.1067727007874624
0.19217191290920316,-0.08671483369113214,0.1067727007874624
0.19217191290920316,-0.08671483369113214,0.1067727007874624
0.19217191290920316,-0.08671483369113214,0.1067727007874624
0.19217191290920316,-0.08671483369113214,0.1067727007874624
0.19217191290920316,-0.08671483369113214,0.1067727007874624
0.19217191290920316,-0.08671483369113214,0.1067727007874624
0.19217191290920316,-0.08671483369113214,0.1067727007874624
0.19217191290920316,-0.08671483369113214,0.1067727007874624
0.19217191290920316,-0.08671483369113214,0.1067727007874624
0.19217191290920316,-0.08671483369113214,0.1067727007874624
0.19217191290920316,-0.08671483369113214,0.1067727007874624
0.19537891290920317,-0.08459283369113214,0.1067727007874624
0.19537891290920317,-0.08459283369113214,0.1067727007874624
0.19537891290920317,-0.08459283369113214,0.1067727007874624
0.19537891290920317,-0.08459283369113214,0.1067727007874624
0.19537891290920317,-0.08459283369113214,0.1067727007874624
0.19537891290920317,-0.08459283369113214,0.1067727007874624
0.19537891290920317,-0.08459283369113214,0.1067727007874624
0.19537891290920317,-0.08459283369113214,0.1067727007874624
0.19537891290920317,-0.08459283369113214,0.1067727007874624
0.19537891290920317,-0.08459283369113214,0.1067727007874624
0.19537891290920317,-0.08459283369113214,0.1067727007874624
0.19537891290920317,-0.08459283369113214,0.1067727007874624
0.19537891290920317,-0.08459283369113214,0.1067727007874624
0.19537891290920317,-0.08459283369113214,0.1067727007874624
0.19537891290920317,-0.08459283369113214,0.1067727007874624
0.19537891290920317,-0.08459283369113214,0.1067727007874624
0.19537891290920317,-0.08459283369113214,0.1067727007874624
0.19537891290920317,-0.08459283369113214,0.1067727007874624
0.19537891290920317,-0.08459283369113214,0.1067727007874624
0.19537891290920317,-0.08459283369113214,0.1067727007874624
0.19537891290920317,-0.08459283369113214,0.1067727007874624
0.19537891290920317,-0.08459283369113214,0.1067727007874624
0.19537891290920317,-0.08459283369113214,0.1067727007874624
0.19537891290920317,-0.08459283369113214,0.1067727007874624
0.19537891290920317,-0.08459283369113214,0.1067727007874624
0.19537891290920317,-0.08459283369113214,0.1067727007874624
0.1969819129092032,-0.08353183369113215,0.1067727007874624
0.1969819129092032,-0.08353183369113215,0.1067727007874624
0.1969819129092032,-0.08353183369113215,0.1067727007874624
0.1969819129092032,-0.08353183369113215,0.1067727007874624
0.1969819129092032,-0.08353183369113215,0.1067727007874624
0.1969819129092032,-0.08353183369113215,0.1067727007874624
0.19858491290920316,-0.08247083369113214,0.1067727007874624
0.19858491290920316,-0.08247083369113214,0.1067727007874624
0.19858491290920316,-0.08247083369113214,0.1067727007874624
0.19858491290920316,-0.08247083369113214,0.1067727007874624
0.19858491290920316,-0.08247083369113214,0.1067727007874624
0.19858491290920316,-0.08247083369113214,0.1067727007874624
0.19858491290920316,-0.08247083369113214,0.1067727007874624
0.19858491290920316,-0.08247083369113214,0.1067727007874624
0.20018791290920318,-0.08140983369113214,0.1067727007874624
0.20018791290920318,-0.08140983369113214,0.1067727007874624
0.20018791290920318,-0.08140983369113214,0.1067727007874624
0.20018791290920318,-0.08140983369113214,0.1067727007874624
0.20018791290920318,-0.08140983369113214,0.1067727007874624
0.20018791290920318,-0.08140983369113214,0.1067727007874624
0.20018791290920318,-0.08140983369113214,0.1067727007874624
0.20018791290920318,-0.08140983369113214,0.1067727007874624
0.20179091290920315,-0.08034883369113213,0.1067727007874624
0.20179091290920315,-0.08034883369113213,0.1067727007874624
0.20179091290920315,-0.08034883369113213,0.1067727007874624
0.20179091290920315,-0.08034883369113213,0.1067727007874624
0.20179091290920315,-0.08034883369113213,0.1067727007874624
0.20179091290920315,-0.08034883369113213,0.1067727007874624
0.20179091290920315,-0.08034883369113213,0.1067727007874624
0.20179091290920315,-0.08034883369113213,0.1067727007874624
0.20179091290920315,-0.08034883369113213,0.1067727007874624
0.20179091290920315,-0.08034883369113213,0.1067727007874624
0.20179091290920315,-0.08034883369113213,0.1067727007874624
0.20179091290920315,-0.08034883369113213,0.1067727007874624
0.20179091290920315,-0.08034883369113213,0.1067727007874624
0.20179091290920315,-0.08034883369113213,0.1067727007874624
0.20339391290920317,-0.07928783369113214,0.1067727007874624
0.20339391290920317,-0.07928783369113214,0.1067727007874624
0.20339391290920317,-0.07928783369113214,0.1067727007874624
0.20339391290920317,-0.07928783369113214,0.1067727007874624
0.20339391290920317,-0.07928783369113214,0.1067727007874624
0.20339391290920317,-0.07928783369113214,0.1067727007874624
0.20339391290920317,-0.07928783369113214,0.1067727007874624
0.20339391290920317,-0.07928783369113214,0.1067727007874624
0.20339391290920317,-0.07928783369113214,0.1067727007874624
0.2049969129092032,-0.07822683369113215,0.1067727007874624
0.2049969129092032,-0.07822683369113215,0.1067727007874624
0.2049969129092032,-0.07822683369113215,0.1067727007874624
0.2049969129092032,-0.07822683369113215,0.1067727007874624
0.2049969129092032,-0.07822683369113215,0.1067727007874624
0.2049969129092032,-0.07822683369113215,0.1067727007874624
0.2049969129092032,-0.07822683369113215,0.1067727007874624
0.2049969129092032,-0.07822683369113215,0.1067727007874624
0.2049969129092032,-0.07822683369113215,0.1067727007874624
0.2049969129092032,-0.07822683369113215,0.1067727007874624
0.20659991290920315,-0.07716583369113214,0.1067727007874624
0.20659991290920315,-0.07716583369113214,0.1067727007874624
0.20659991290920315,-0.07716583369113214,0.1067727007874624
0.20659991290920315,-0.07716583369113214,0.1067727007874624
0.20659991290920315,-0.07716583369113214,0.1067727007874624
0.20659991290920315,-0.07716583369113214,0.1067727007874624
0.20659991290920315,-0.07716583369113214,0.1067727007874624
0.20659991290920315,-0.07716583369113214,0.1067727007874624
0.20820291290920317,-0.07610483369113213,0.1067727007874624
0.20820291290920317,-0.07610483369113213,0.1067727007874624
0.20820291290920317,-0.07610483369113213,0.1067727007874624
0.20820291290920317,-0.07610483369113213,0.1067727007874624
0.20820291290920317,-0.07610483369113213,0.1067727007874624
0.20820291290920317,-0.07610483369113213,0.1067727007874624
0.21140891290920316,-0.07610483369113213,0.1067727007874624
0.21140891290920316,-0.07610483369113213,0.1067727007874624
0.21301191290920318,-0.07716583369113214,0.1067727007874624
0.21301191290920318,-0.07716583369113214,0.1067727007874624
0.21301191290920318,-0.07716583369113214,0.1067727007874624
0.21301191290920318,-0.07716583369113214,0.1067727007874624
0.21301191290920318,-0.07716583369113214,0.1067727007874624
0.21301191290920318,-0.07716583369113214,0.1067727007874624
0.21301191290920318,-0.07716583369113214,0.1067727007874624
0.21301191290920318,-0.07716583369113214,0.1067727007874624
0.21301191290920318,-0.07716583369113214,0.1067727007874624
0.21301191290920318,-0.07716583369113214,0.1067727007874624
0.21301191290920318,-0.07716583369113214,0.1067727007874624
0.21301191290920318,-0.07716583369113214,0.1067727007874624
0.21301191290920318,-0.07716583369113214,0.1067727007874624
0.21301191290920318,-0.07716583369113214,0.1067727007874624
0.21301191290920318,-0.07716583369113214,0.1067727007874624
0.21301191290920318,-0.07716583369113214,0.1067727007874624
0.21301191290920318,-0.07716583369113214,0.1067727007874624
0.21301191290920318,-0.07716583369113214,0.1067727007874624
0.21301191290920318,-0.07716583369113214,0.1067727007874624
0.21461491290920315,-0.07822683369113215,0.1067727007874624
0.21461491290920315,-0.07822683369113215,0.1067727007874624
0.21461491290920315,-0.07822683369113215,0.1067727007874624
0.21461491290920315,-0.07822683369113215,0.1067727007874624
0.21461491290920315,-0.07822683369113215,0.1067727007874624
0.21461491290920315,-0.07822683369113215,0.1067727007874624
0.21621791290920317,-0.07928783369113214,0.1067727007874624
0.21621791290920317,-0.07928783369113214,0.1067727007874624
0.21621791290920317,-0.07928783369113214,0.1067727007874624
0.21621791290920317,-0.07928783369113214,0.1067727007874624
0.21621791290920317,-0.07928783369113214,0.1067727007874624
0.21621791290920317,-0.07928783369113214,0.1067727007874624
0.21621791290920317,-0.07928783369113214,0.1067727007874624
0.21621791290920317,-0.07928783369113214,0.1067727007874624
0.21621791290920317,-0.07928783369113214,0.1067727007874624
0.21621791290920317,-0.07928783369113214,0.1067727007874624
0.21621791290920317,-0.07928783369113214,0.1067727007874624
0.21621791290920317,-0.07928783369113214,0.1067727007874624
0.21621791290920317,-0.07928783369113214,0.1067727007874624
0.21621791290920317,-0.07928783369113214,0.1067727007874624
0.21621791290920317,-0.07928783369113214,0.1067727007874624
0.2178209129092032,-0.08034883369113213,0.1067727007874624
0.2178209129092032,-0.08034883369113213,0.1067727007874624
0.2178209129092032,-0.08034883369113213,0.1067727007874624
0.2178209129092032,-0.08034883369113213,0.1067727007874624
0.2178209129092032,-0.08034883369113213,0.1067727007874624
0.2178209129092032,-0.08034883369113213,0.1067727007874624
0.2178209129092032,-0.08034883369113213,0.1067727007874624
0.2178209129092032,-0.08034883369113213,0.1067727007874624
0.2178209129092032,-0.08034883369113213,0.1067727007874624
0.2178209129092032,-0.08034883369113213,0.1067727007874624
0.21942391290920316,-0.08140983369113214,0.1067727007874624
0.21942391290920316,-0.08140983369113214,0.1067727007874624
0.21942391290920316,-0.08140983369113214,0.1067727007874624
0.21942391290920316,-0.08140983369113214,0.1067727007874624
0.21942391290920316,-0.08140983369113214,0.1067727007874624
0.21942391290920316,-0.08140983369113214,0.1067727007874624
0.21942391290920316,-0.08140983369113214,0.1067727007874624
0.21942391290920316,-0.08140983369113214,0.1067727007874624
0.21942391290920316,-0.08140983369113214,0.1067727007874624
0.21942391290920316,-0.08140983369113214,0.1067727007874624
0.21942391290920316,-0.08140983369113214,0.1067727007874624
0.22102691290920318,-0.08247083369113214,0.1067727007874624
0.22102691290920318,-0.08247083369113214,0.1067727007874624
0.22102691290920318,-0.08247083369113214,0.1067727007874624
0.22102691290920318,-0.08247083369113214,0.1067727007874624
0.22102691290920318,-0.08247083369113214,0.1067727007874624
0.22102691290920318,-0.08247083369113214,0.1067727007874624
0.22262991290920314,-0.08353183369113215,0.1067727007874624
0.22262991290920314,-0.08353183369113215,0.1067727007874624
0.22262991290920314,-0.08353183369113215,0.1067727007874624
0.22262991290920314,-0.08353183369113215,0.1067727007874624
0.22262991290920314,-0.08353183369113215,0.1067727007874624
0.22262991290920314,-0.08353183369113215,0.1067727007874624
0.22262991290920314,-0.08353183369113215,0.1067727007874624
0.22262991290920314,-0.08353183369113215,0.1067727007874624
0.22262991290920314,-0.08353183369113215,0.1067727007874624
0.22262991290920314,-0.08353183369113215,0.1067727007874624
0.22423291290920316,-0.08459283369113214,0.1067727007874624
0.22423291290920316,-0.08459283369113214,0.1067727007874624
0.22423291290920316,-0.08459283369113214,0.1067727007874624
0.22423291290920316,-0.08459283369113214,0.1067727007874624
0.22423291290920316,-0.08459283369113214,0.1067727007874624
0.22423291290920316,-0.08459283369113214,0.1067727007874624
0.22423291290920316,-0.08459283369113214,0.1067727007874624
0.22423291290920316,-0.08459283369113214,0.1067727007874624
0.22583691290920316,-0.08565383369113214,0.1067727007874624
0.22583691290920316,-0.08565383369113214,0.1067727007874624
0.22583691290920316,-0.08565383369113214,0.1067727007874624
0.22583691290920316,-0.08565383369113214,0.1067727007874624
0.22583691290920316,-0.08565383369113214,0.1067727007874624
0.22583691290920316,-0.08565383369113214,0.1067727007874624
0.22583691290920316,-0.08565383369113214,0.1067727007874624
0.22583691290920316,-0.08565383369113214,0.1067727007874624
0.22583691290920316,-0.08565383369113214,0.1067727007874624
0.22743991290920318,-0.08671483369113214,0.1067727007874624
0.22743991290920318,-0.08671483369113214,0.1067727007874624
0.22743991290920318,-0.08671483369113214,0.1067727007874624
0.22743991290920318,-0.08671483369113214,0.1067727007874624
0.22743991290920318,-0.08671483369113214,0.1067727007874624
0.22743991290920318,-0.08671483369113214,0.1067727007874624
0.22743991290920318,-0.08671483369113214,0.1067727007874624
0.22743991290920318,-0.08671483369113214,0.1067727007874624
0.22743991290920318,-0.08671483369113214,0.1067727007874624
0.22692591290920316,-0.08486183369113215,0.1067727007874624
0.22692591290920316,-0.08486183369113215,0.1067727007874624
0.22692591290920316,-0.08486183369113215,0.1067727007874624
0.22692591290920316,-0.08486183369113215,0.1067727007874624
0.22692591290920316,-0.08486183369113215,0.1067727007874624
0.22692591290920316,-0.08486183369113215,0.1067727007874624
0.22692591290920316,-0.08486183369113215,0.1067727007874624
0.22692591290920316,-0.08486183369113215,0.1067727007874624
0.22692591290920316,-0.08486183369113215,0.1067727007874624
0.22692591290920316,-0.08486183369113215,0.1067727007874624
0.22692591290920316,-0.08486183369113215,0.1067727007874624
0.22692591290920316,-0.08486183369113215,0.1067727007874624
0.22692591290920316,-0.08486183369113215,0.1067727007874624
0.22692591290920316,-0.08486183369113215,0.1067727007874624
0.22692591290920316,-0.08486183369113215,0.1067727007874624
0.22692591290920316,-0.08486183369113215,0.1067727007874624
0.22692591290920316,-0.08486183369113215,0.1067727007874624
0.22692591290920316,-0.08486183369113215,0.1067727007874624
0.22692591290920316,-0.08486183369113215,0.1067727007874624
0.22692591290920316,-0.08486183369113215,0.1067727007874624
0.22692591290920316,-0.08486183369113215,0.1067727007874624
0.22692591290920316,-0.08486183369113215,0.1067727007874624
0.22641191290920315,-0.08300983369113214,0.1067727007874624
0.22641191290920315,-0.08300983369113214,0.1067727007874624
0.22641191290920315,-0.08300983369113214,0.1067727007874624
0.22641191290920315,-0.08300983369113214,0.1067727007874624
0.22641191290920315,-0.08300983369113214,0.1067727007874624
0.22589891290920316,-0.08115683369113214,0.1067727007874624
0.22589891290920316,-0.08115683369113214,0.1067727007874624
0.22589891290920316,-0.08115683369113214,0.1067727007874624
0.22589891290920316,-0.08115683369113214,0.1067727007874624
0.22589891290920316,-0.08115683369113214,0.1067727007874624
0.22589891290920316,-0.08115683369113214,0.1067727007874624
0.22589891290920316,-0.08115683369113214,0.1067727007874624
0.22538491290920315,-0.07930483369113214,0.1067727007874624
0.22538491290920315,-0.07930483369113214,0.1067727007874624
0.22538491290920315,-0.07930483369113214,0.1067727007874624
0.22538491290920315,-0.07930483369113214,0.1067727007874624
0.22538491290920315,-0.07930483369113214,0.1067727007874624
0.22538491290920315,-0.07930483369113214,0.1067727007874624
0.22538491290920315,-0.07930483369113214,0.1067727007874624
0.22538491290920315,-0.07930483369113214,0.1067727007874624
0.22538491290920315,-0.07930483369113214,0.1067727007874624
0.22538491290920315,-0.07930483369113214,0.1067727007874624
0.22538491290920315,-0.07930483369113214,0.1067727007874624
0.22538491290920315,-0.07930483369113214,0.1067727007874624
0.22538491290920315,-0.07930483369113214,0.1067727007874624
0.22538491290920315,-0.07930483369113214,0.1067727007874624
0.22538491290920315,-0.07930483369113214,0.1067727007874624
0.22538491290920315,-0.07930483369113214,0.1067727007874624
0.22538491290920315,-0.07930483369113214,0.1067727007874624
0.22538491290920315,-0.07930483369113214,0.1067727007874624
0.22538491290920315,-0.07930483369113214,0.1067727007874624
0.22538491290920315,-0.07930483369113214,0.1067727007874624
0.22538491290920315,-0.07930483369113214,0.1067727007874624
0.22538491290920315,-0.07930483369113214,0.1067727007874624
0.22538491290920315,-0.07930483369113214,0.1067727007874624
0.22538491290920315,-0.07930483369113214,0.1067727007874624
0.22538491290920315,-0.07930483369113214,0.1067727007874624
0.22538491290920315,-0.07930483369113214,0.1067727007874624
0.22435791290920315,-0.07559983369113214,0.1067727007874624
0.22435791290920315,-0.07559983369113214,0.1067727007874624
0.22435791290920315,-0.07559983369113214,0.1067727007874624
0.22435791290920315,-0.07559983369113214,0.1067727007874624
0.22435791290920315,-0.07559983369113214,0.1067727007874624
0.22435791290920315,-0.07559983369113214,0.1067727007874624
0.22435791290920315,-0.07559983369113214,0.1067727007874624
0.22435791290920315,-0.07559983369113214,0.1067727007874624
0.22435791290920315,-0.07559983369113214,0.1067727007874624
0.22435791290920315,-0.07559983369113214,0.1067727007874624
0.22435791290920315,-0.07559983369113214,0.1067727007874624
0.22435791290920315,-0.07559983369113214,0.1067727007874624
0.22435791290920315,-0.07559983369113214,0.1067727007874624
0.22435791290920315,-0.07559983369113214,0.1067727007874624
0.22435791290920315,-0.07559983369113214,0.1067727007874624
0.22435791290920315,-0.07559983369113214,0.1067727007874624
0.22435791290920315,-0.07559983369113214,0.1067727007874624
0.22435791290920315,-0.07559983369113214,0.1067727007874624
0.22435791290920315,-0.07559983369113214,0.1067727007874624
0.22435791290920315,-0.07559983369113214,0.1067727007874624
0.22435791290920315,-0.07559983369113214,0.1067727007874624
0.22435791290920315,-0.07559983369113214,0.1067727007874624
0.22435791290920315,-0.07559983369113214,0.1067727007874624
0.22435791290920315,-0.07559983369113214,0.1067727007874624
0.22435791290920315,-0.07559983369113214,0.1067727007874624
0.2238439129092032,-0.07374683369113214,0.1067727007874624
0.2238439129092032,-0.07374683369113214,0.1067727007874624
0.2238439129092032,-0.07374683369113214,0.1067727007874624
0.2238439129092032,-0.07374683369113214,0.1067727007874624
0.2238439129092032,-0.07374683369113214,0.1067727007874624
0.2238439129092032,-0.07374683369113214,0.1067727007874624
0.2238439129092032,-0.07374683369113214,0.1067727007874624
0.2238439129092032,-0.07374683369113214,0.1067727007874624
0.22332991290920318,-0.07189483369113214,0.1067727007874624
0.22332991290920318,-0.07189483369113214,0.1067727007874624
0.22332991290920318,-0.07189483369113214,0.1067727007874624
0.22332991290920318,-0.07189483369113214,0.1067727007874624
0.22332991290920318,-0.07189483369113214,0.1067727007874624
0.22332991290920318,-0.07189483369113214,0.1067727007874624
0.22332991290920318,-0.07189483369113214,0.1067727007874624
0.22332991290920318,-0.07189483369113214,0.1067727007874624
0.22332991290920318,-0.07189483369113214,0.1067727007874624
0.22332991290920318,-0.07189483369113214,0.1067727007874624
0.2228169129092032,-0.07004283369113215,0.1067727007874624
0.2228169129092032,-0.07004283369113215,0.1067727007874624
0.2228169129092032,-0.07004283369113215,0.1067727007874624
0.2228169129092032,-0.07004283369113215,0.1067727007874624
0.2228169129092032,-0.07004283369113215,0.1067727007874624
0.2228169129092032,-0.07004283369113215,0.1067727007874624
0.2228169129092032,-0.07004283369113215,0.1067727007874624
0.2228169129092032,-0.07004283369113215,0.1067727007874624
0.2228169129092032,-0.07004283369113215,0.1067727007874624
0.22230291290920318,-0.06818983369113214,0.1067727007874624
0.22230291290920318,-0.06818983369113214,0.1067727007874624
0.22230291290920318,-0.06818983369113214,0.1067727007874624
0.22230291290920318,-0.06818983369113214,0.1067727007874624
0.22230291290920318,-0.06818983369113214,0.1067727007874624
0.22230291290920318,-0.06818983369113214,0.1067727007874624
0.22230291290920318,-0.06818983369113214,0.1067727007874624
0.22230291290920318,-0.06818983369113214,0.1067727007874624
0.22230291290920318,-0.06818983369113214,0.1067727007874624
0.22178891290920316,-0.06633783369113214,0.1067727007874624
0.22178891290920316,-0.06633783369113214,0.1067727007874624
0.22178891290920316,-0.06633783369113214,0.1067727007874624
0.22178891290920316,-0.06633783369113214,0.1067727007874624
0.22178891290920316,-0.06633783369113214,0.1067727007874624
0.22178891290920316,-0.06633783369113214,0.1067727007874624
0.22178891290920316,-0.06633783369113214,0.1067727007874624
0.22178891290920316,-0.06633783369113214,0.1067727007874624
0.22178891290920316,-0.06633783369113214,0.1067727007874624
0.22178891290920316,-0.06633783369113214,0.1067727007874624
0.2232939129092032,-0.06514083369113213,0.1067727007874624
0.2232939129092032,-0.06514083369113213,0.1067727007874624
0.2232939129092032,-0.06514083369113213,0.1067727007874624
0.2232939129092032,-0.06514083369113213,0.1067727007874624
0.2232939129092032,-0.06514083369113213,0.1067727007874624
0.2232939129092032,-0.06514083369113213,0.1067727007874624
0.2232939129092032,-0.06514083369113213,0.1067727007874624
0.2232939129092032,-0.06514083369113213,0.1067727007874624
0.2232939129092032,-0.06514083369113213,0.1067727007874624
0.2232939129092032,-0.06514083369113213,0.1067727007874624
0.2232939129092032,-0.06514083369113213,0.1067727007874624
0.22479791290920315,-0.06394383369113214,0.1067727007874624
0.22479791290920315,-0.06394383369113214,0.1067727007874624
0.22479791290920315,-0.06394383369113214,0.1067727007874624
0.22479791290920315,-0.06394383369113214,0.1067727007874624
0.22479791290920315,-0.06394383369113214,0.1067727007874624
0.22479791290920315,-0.06394383369113214,0.1067727007874624
0.22479791290920315,-0.06394383369113214,0.1067727007874624
0.22479791290920315,-0.06394383369113214,0.1067727007874624
0.22630291290920318,-0.06274683369113214,0.1067727007874624
0.22630291290920318,-0.06274683369113214,0.1067727007874624
0.22630291290920318,-0.06274683369113214,0.1067727007874624
0.22630291290920318,-0.06274683369113214,0.1067727007874624
0.22630291290920318,-0.06274683369113214,0.1067727007874624
0.22630291290920318,-0.06274683369113214,0.1067727007874624
0.22630291290920318,-0.06274683369113214,0.1067727007874624
0.22630291290920318,-0.06274683369113214,0.1067727007874624
0.22630291290920318,-0.06274683369113214,0.1067727007874624
0.22630291290920318,-0.06274683369113214,0.1067727007874624
0.22630291290920318,-0.06274683369113214,0.1067727007874624
0.22780691290920319,-0.061550833691132144,0.1067727007874624
0.22780691290920319,-0.061550833691132144,0.1067727007874624
0.22780691290920319,-0.061550833691132144,0.1067727007874624
0.22780691290920319,-0.061550833691132144,0.1067727007874624
0.22780691290920319,-0.061550833691132144,0.1067727007874624
0.22780691290920319,-0.061550833691132144,0.1067727007874624
0.22780691290920319,-0.061550833691132144,0.1067727007874624
0.22780691290920319,-0.061550833691132144,0.1067727007874624
0.2293109129092032,-0.06035383369113214,0.1067727007874624
0.2293109129092032,-0.06035383369113214,0.1067727007874624
0.2293109129092032,-0.06035383369113214,0.1067727007874624
0.2293109129092032,-0.06035383369113214,0.1067727007874624
0.2293109129092032,-0.06035383369113214,0.1067727007874624
0.2293109129092032,-0.06035383369113214,0.1067727007874624
0.2293109129092032,-0.06035383369113214,0.1067727007874624
0.2293109129092032,-0.06035383369113214,0.1067727007874624
0.2293109129092032,-0.06035383369113214,0.1067727007874624
0.2293109129092032,-0.06035383369113214,0.1067727007874624
0.23081591290920317,-0.059156833691132144,0.1067727007874624
0.23081591290920317,-0.059156833691132144,0.1067727007874624
0.23081591290920317,-0.059156833691132144,0.1067727007874624
0.23081591290920317,-0.059156833691132144,0.1067727007874624
0.23081591290920317,-0.059156833691132144,0.1067727007874624
0.23081591290920317,-0.059156833691132144,0.1067727007874624
0.23081591290920317,-0.059156833691132144,0.1067727007874624
0.23081591290920317,-0.059156833691132144,0.1067727007874624
0.23081591290920317,-0.059156833691132144,0.1067727007874624
0.23081591290920317,-0.059156833691132144,0.1067727007874624
0.23081591290920317,-0.059156833691132144,0.1067727007874624
0.23081591290920317,-0.059156833691132144,0.1067727007874624
0.23231991290920317,-0.05795983369113214,0.1067727007874624
0.23231991290920317,-0.05795983369113214,0.1067727007874624
0.23231991290920317,-0.05795983369113214,0.1067727007874624
0.23231991290920317,-0.05795983369113214,0.1067727007874624
0.23231991290920317,-0.05795983369113214,0.1067727007874624
0.23231991290920317,-0.05795983369113214,0.1067727007874624
0.23231991290920317,-0.05795983369113214,0.1067727007874624
0.23382491290920315,-0.056763833691132144,0.1067727007874624
0.23382491290920315,-0.056763833691132144,0.1067727007874624
0.23382491290920315,-0.056763833691132144,0.1067727007874624
0.23532891290920316,-0.05556683369113214,0.1067727007874624
0.23532891290920316,-0.05556683369113214,0.1067727007874624
0.23532891290920316,-0.05556683369113214,0.1067727007874624
0.23532891290920316,-0.05556683369113214,0.1067727007874624
0.23683291290920316,-0.054369833691132144,0.1067727007874624
0.23683291290920316,-0.054369833691132144,0.1067727007874624
0.23683291290920316,-0.054369833691132144,0.1067727007874624
0.23683291290920316,-0.054369833691132144,0.1067727007874624
0.23683291290920316,-0.054369833691132144,0.1067727007874624
0.23683291290920316,-0.054369833691132144,0.1067727007874624
0.23683291290920316,-0.054369833691132144,0.1067727007874624
0.23683291290920316,-0.054369833691132144,0.1067727007874624
0.23683291290920316,-0.054369833691132144,0.1067727007874624
0.23683291290920316,-0.054369833691132144,0.1067727007874624
0.23683291290920316,-0.054369833691132144,0.1067727007874624
0.23683291290920316,-0.054369833691132144,0.1067727007874624
0.23833791290920314,-0.05317283369113214,0.1067727007874624
0.23833791290920314,-0.05317283369113214,0.1067727007874624
0.23833791290920314,-0.05317283369113214,0.1067727007874624
0.23833791290920314,-0.05317283369113214,0.1067727007874624
0.23833791290920314,-0.05317283369113214,0.1067727007874624
0.23833791290920314,-0.05317283369113214,0.1067727007874624
0.23833791290920314,-0.05317283369113214,0.1067727007874624
0.23833791290920314,-0.05317283369113214,0.1067727007874624
0.23449691290920316,-0.05300583369113214,0.1067727007874624
0.23449691290920316,-0.05300583369113214,0.1067727007874624
0.23449691290920316,-0.05300583369113214,0.1067727007874624
0.23449691290920316,-0.05300583369113214,0.1067727007874624
0.23449691290920316,-0.05300583369113214,0.1067727007874624
0.23449691290920316,-0.05300583369113214,0.1067727007874624
0.23449691290920316,-0.05300583369113214,0.1067727007874624
0.23449691290920316,-0.05300583369113214,0.1067727007874624
0.23449691290920316,-0.05300583369113214,0.1067727007874624
0.23449691290920316,-0.05300583369113214,0.1067727007874624
0.23449691290920316,-0.05300583369113214,0.1067727007874624
0.23449691290920316,-0.05300583369113214,0.1067727007874624
0.23449691290920316,-0.05300583369113214,0.1067727007874624
0.23449691290920316,-0.05300583369113214,0.1067727007874624
0.23449691290920316,-0.05300583369113214,0.1067727007874624
0.23449691290920316,-0.05300583369113214,0.1067727007874624
0.23449691290920316,-0.05300583369113214,0.1067727007874624
0.23449691290920316,-0.05300583369113214,0.1067727007874624
0.23449691290920316,-0.05300583369113214,0.1067727007874624
0.23449691290920316,-0.05300583369113214,0.1067727007874624
0.23449691290920316,-0.05300583369113214,0.1067727007874624
0.23449691290920316,-0.05300583369113214,0.1067727007874624
0.23449691290920316,-0.05300583369113214,0.1067727007874624
0.23449691290920316,-0.05300583369113214,0.1067727007874624
0.23449691290920316,-0.05300583369113214,0.1067727007874624
0.23449691290920316,-0.05300583369113214,0.1067727007874624
0.23449691290920316,-0.05300583369113214,0.1067727007874624
0.23449691290920316,-0.05300583369113214,0.1067727007874624
0.23449691290920316,-0.05300583369113214,0.1067727007874624
0.23449691290920316,-0.05300583369113214,0.1067727007874624
0.23257591290920315,-0.052921833691132146,0.1067727007874624
0.23257591290920315,-0.052921833691132146,0.1067727007874624
0.23257591290920315,-0.052921833691132146,0.1067727007874624
0.23257591290920315,-0.052921833691132146,0.1067727007874624
0.23257591290920315,-0.052921833691132146,0.1067727007874624
0.23257591290920315,-0.052921833691132146,0.1067727007874624
0.23257591290920315,-0.052921833691132146,0.1067727007874624
0.23257591290920315,-0.052921833691132146,0.1067727007874624
0.23257591290920315,-0.052921833691132146,0.1067727007874624
0.23257591290920315,-0.052921833691132146,0.1067727007874624
0.23257591290920315,-0.052921833691132146,0.1067727007874624
0.23257591290920315,-0.052921833691132146,0.1067727007874624
0.23257591290920315,-0.052921833691132146,0.1067727007874624
0.23257591290920315,-0.052921833691132146,0.1067727007874624
0.23257591290920315,-0.052921833691132146,0.1067727007874624
0.23257591290920315,-0.052921833691132146,0.1067727007874624
0.23065591290920318,-0.052837833691132145,0.1067727007874624
0.23065591290920318,-0.052837833691132145,0.1067727007874624
0.23065591290920318,-0.052837833691132145,0.1067727007874624
0.23065591290920318,-0.052837833691132145,0.1067727007874624
0.23065591290920318,-0.052837833691132145,0.1067727007874624
0.22873491290920317,-0.052753833691132145,0.1067727007874624
0.22873491290920317,-0.052753833691132145,0.1067727007874624
0.22873491290920317,-0.052753833691132145,0.1067727007874624
0.22873491290920317,-0.052753833691132145,0.1067727007874624
0.22873491290920317,-0.052753833691132145,0.1067727007874624
0.2268149129092032,-0.052669833691132144,0.1067727007874624
0.2268149129092032,-0.052669833691132144,0.1067727007874624
0.2268149129092032,-0.052669833691132144,0.1067727007874624
0.2268149129092032,-0.052669833691132144,0.1067727007874624
0.2268149129092032,-0.052669833691132144,0.1067727007874624
0.2248939129092032,-0.05258583369113214,0.1067727007874624
0.2248939129092032,-0.05258583369113214,0.1067727007874624
0.2248939129092032,-0.05258583369113214,0.1067727007874624
0.2248939129092032,-0.05258583369113214,0.1067727007874624
0.2248939129092032,-0.05258583369113214,0.1067727007874624
0.2248939129092032,-0.05258583369113214,0.1067727007874624
0.2248939129092032,-0.05258583369113214,0.1067727007874624
0.2248939129092032,-0.05258583369113214,0.1067727007874624
0.2248939129092032,-0.05258583369113214,0.1067727007874624
0.2248939129092032,-0.05258583369113214,0.1067727007874624
0.2248939129092032,-0.05258583369113214,0.1067727007874624
0.2248939129092032,-0.05258583369113214,0.1067727007874624
0.2248939129092032,-0.05258583369113214,0.1067727007874624
0.22297391290920315,-0.05250183369113214,0.1067727007874624
0.22297391290920315,-0.05250183369113214,0.1067727007874624
0.22297391290920315,-0.05250183369113214,0.1067727007874624
0.22297391290920315,-0.05250183369113214,0.1067727007874624
0.22297391290920315,-0.05250183369113214,0.1067727007874624
0.22297391290920315,-0.05250183369113214,0.1067727007874624
0.22297391290920315,-0.05250183369113214,0.1067727007874624
0.22297391290920315,-0.05250183369113214,0.1067727007874624
0.22297391290920315,-0.05250183369113214,0.1067727007874624
0.22297391290920315,-0.05250183369113214,0.1067727007874624
0.22297391290920315,-0.05250183369113214,0.1067727007874624
0.22297391290920315,-0.05250183369113214,0.1067727007874624
0.22297391290920315,-0.05250183369113214,0.1067727007874624
0.22105291290920315,-0.05241783369113214,0.1067727007874624
0.22105291290920315,-0.05241783369113214,0.1067727007874624
0.22105291290920315,-0.05241783369113214,0.1067727007874624
0.22105291290920315,-0.05241783369113214,0.1067727007874624
0.22105291290920315,-0.05241783369113214,0.1067727007874624
0.22105291290920315,-0.05241783369113214,0.1067727007874624
0.21913291290920317,-0.05233383369113214,0.1067727007874624
0.21913291290920317,-0.05233383369113214,0.1067727007874624
0.21913291290920317,-0.05233383369113214,0.1067727007874624
0.21913291290920317,-0.05233383369113214,0.1067727007874624
0.21913291290920317,-0.05233383369113214,0.1067727007874624
0.21913291290920317,-0.05233383369113214,0.1067727007874624
0.21913291290920317,-0.05233383369113214,0.1067727007874624
0.21913291290920317,-0.05233383369113214,0.1067727007874624
0.21913291290920317,-0.05233383369113214,0.1067727007874624
0.21913291290920317,-0.05233383369113214,0.1067727007874624
0.21913291290920317,-0.05233383369113214,0.1067727007874624
0.21913291290920317,-0.05233383369113214,0.1067727007874624
0.21913291290920317,-0.05233383369113214,0.1067727007874624
0.21913291290920317,-0.05233383369113214,0.1067727007874624
0.21721191290920316,-0.05224983369113214,0.1067727007874624
0.21721191290920316,-0.05224983369113214,0.1067727007874624
0.21721191290920316,-0.05224983369113214,0.1067727007874624
0.21721191290920316,-0.05224983369113214,0.1067727007874624
0.21721191290920316,-0.05224983369113214,0.1067727007874624
0.21721191290920316,-0.05224983369113214,0.1067727007874624
0.21721191290920316,-0.05224983369113214,0.1067727007874624
0.21653891290920319,-0.050449833691132144,0.1067727007874624
0.21653891290920319,-0.050449833691132144,0.1067727007874624
0.21653891290920319,-0.050449833691132144,0.1067727007874624
0.21653891290920319,-0.050449833691132144,0.1067727007874624
0.21653891290920319,-0.050449833691132144,0.1067727007874624
0.21653891290920319,-0.050449833691132144,0.1067727007874624
0.21653891290920319,-0.050449833691132144,0.1067727007874624
0.21653891290920319,-0.050449833691132144,0.1067727007874624
0.21653891290920319,-0.050449833691132144,0.1067727007874624
0.21653891290920319,-0.050449833691132144,0.1067727007874624
0.21653891290920319,-0.050449833691132144,0.1067727007874624
0.21653891290920319,-0.050449833691132144,0.1067727007874624
0.21653891290920319,-0.050449833691132144,0.1067727007874624
0.21653891290920319,-0.050449833691132144,0.1067727007874624
0.21653891290920319,-0.050449833691132144,0.1067727007874624
0.21653891290920319,-0.050449833691132144,0.1067727007874624
0.21653891290920319,-0.050449833691132144,0.1067727007874624
0.21653891290920319,-0.050449833691132144,0.1067727007874624
0.21653891290920319,-0.050449833691132144,0.1067727007874624
0.21586591290920315,-0.04864883369113214,0.1067727007874624
0.21586591290920315,-0.04864883369113214,0.1067727007874624
0.21586591290920315,-0.04864883369113214,0.1067727007874624
0.21586591290920315,-0.04864883369113214,0.1067727007874624
0.21586591290920315,-0.04864883369113214,0.1067727007874624
0.21586591290920315,-0.04864883369113214,0.1067727007874624
0.21586591290920315,-0.04864883369113214,0.1067727007874624
0.21519191290920314,-0.046848833691132144,0.1067727007874624
0.21519191290920314,-0.046848833691132144,0.1067727007874624
0.21519191290920314,-0.046848833691132144,0.1067727007874624
0.21519191290920314,-0.046848833691132144,0.1067727007874624
0.21519191290920314,-0.046848833691132144,0.1067727007874624
0.21519191290920314,-0.046848833691132144,0.1067727007874624
0.21519191290920314,-0.046848833691132144,0.1067727007874624
0.21519191290920314,-0.046848833691132144,0.1067727007874624
0.21519191290920314,-0.046848833691132144,0.1067727007874624
0.21519191290920314,-0.046848833691132144,0.1067727007874624
0.21519191290920314,-0.046848833691132144,0.1067727007874624
0.21519191290920314,-0.046848833691132144,0.1067727007874624
0.21451891290920316,-0.04504783369113215,0.1067727007874624
0.21451891290920316,-0.04504783369113215,0.1067727007874624
0.21451891290920316,-0.04504783369113215,0.1067727007874624
0.21451891290920316,-0.04504783369113215,0.1067727007874624
0.21451891290920316,-0.04504783369113215,0.1067727007874624
0.21451891290920316,-0.04504783369113215,0.1067727007874624
0.21451891290920316,-0.04504783369113215,0.1067727007874624
0.21384591290920318,-0.04324683369113214,0.1067727007874624
0.21384591290920318,-0.04324683369113214,0.1067727007874624
0.21384591290920318,-0.04324683369113214,0.1067727007874624
0.21384591290920318,-0.04324683369113214,0.1067727007874624
0.21384591290920318,-0.04324683369113214,0.1067727007874624
0.21317191290920318,-0.04144683369113214,0.1067727007874624
0.21317191290920318,-0.04144683369113214,0.1067727007874624
0.21317191290920318,-0.04144683369113214,0.1067727007874624
0.21317191290920318,-0.04144683369113214,0.1067727007874624
0.21317191290920318,-0.04144683369113214,0.1067727007874624
0.21317191290920318,-0.04144683369113214,0.1067727007874624
0.21317191290920318,-0.04144683369113214,0.1067727007874624
0.21317191290920318,-0.04144683369113214,0.1067727007874624
0.21317191290920318,-0.04144683369113214,0.1067727007874624
0.21317191290920318,-0.04144683369113214,0.1067727007874624
0.21317191290920318,-0.04144683369113214,0.1067727007874624
0.21317191290920318,-0.04144683369113214,0.1067727007874624
0.21317191290920318,-0.04144683369113214,0.1067727007874624
0.2124989129092032,-0.03964583369113214,0.1067727007874624
0.2124989129092032,-0.03964583369113214,0.1067727007874624
0.2124989129092032,-0.03964583369113214,0.1067727007874624
0.2124989129092032,-0.03964583369113214,0.1067727007874624
0.2124989129092032,-0.03964583369113214,0.1067727007874624
0.2124989129092032,-0.03964583369113214,0.1067727007874624
0.2124989129092032,-0.03964583369113214,0.1067727007874624
0.2124989129092032,-0.03964583369113214,0.1067727007874624
0.2124989129092032,-0.03964583369113214,0.1067727007874624
0.2124989129092032,-0.03964583369113214,0.1067727007874624
0.2124989129092032,-0.03964583369113214,0.1067727007874624
0.21182591290920316,-0.03784583369113214,0.1067727007874624
0.21182591290920316,-0.03784583369113214,0.1067727007874624
0.21182591290920316,-0.03784583369113214,0.1067727007874624
0.21182591290920316,-0.03784583369113214,0.1067727007874624
0.21182591290920316,-0.03784583369113214,0.1067727007874624
0.21182591290920316,-0.03784583369113214,0.1067727007874624
0.21182591290920316,-0.03784583369113214,0.1067727007874624
0.21182591290920316,-0.03784583369113214,0.1067727007874624
0.21115291290920318,-0.03604483369113214,0.1067727007874624
0.21115291290920318,-0.03604483369113214,0.1067727007874624
0.21115291290920318,-0.03604483369113214,0.1067727007874624
0.21115291290920318,-0.03604483369113214,0.1067727007874624
0.21115291290920318,-0.03604483369113214,0.1067727007874624
0.21115291290920318,-0.03604483369113214,0.1067727007874624
0.21115291290920318,-0.03604483369113214,0.1067727007874624
0.21115291290920318,-0.03604483369113214,0.1067727007874624
0.21115291290920318,-0.03604483369113214,0.1067727007874624
0.21115291290920318,-0.03604483369113214,0.1067727007874624
0.21115291290920318,-0.03604483369113214,0.1067727007874624
0.21047891290920318,-0.03424483369113214,0.1067727007874624
0.21047891290920318,-0.03424483369113214,0.1067727007874624
0.21047891290920318,-0.03424483369113214,0.1067727007874624
0.21047891290920318,-0.03424483369113214,0.1067727007874624
0.21047891290920318,-0.03424483369113214,0.1067727007874624
0.21047891290920318,-0.03424483369113214,0.1067727007874624
0.21047891290920318,-0.03424483369113214,0.1067727007874624
0.2098059129092032,-0.03244383369113214,0.1067727007874624
0.2098059129092032,-0.03244383369113214,0.1067727007874624
0.2098059129092032,-0.03244383369113214,0.1067727007874624
0.2098059129092032,-0.03244383369113214,0.1067727007874624
0.2098059129092032,-0.03244383369113214,0.1067727007874624
0.2098059129092032,-0.03244383369113214,0.1067727007874624
0.2098059129092032,-0.03244383369113214,0.1067727007874624
0.2098059129092032,-0.03244383369113214,0.1067727007874624
0.2098059129092032,-0.03244383369113214,0.1067727007874624
